nama_pelabuhan,nama_reviewer,rating,tanggal,review
Batam Center International Ferry Terminal,Jaka Ramadhona,4,3 bulan lalu,"Jujur, kalau lewat Terminal Ferry Batam Centre ini emang kerasa banget vibe-nya sibuk. Namanya juga gerbang utama internasional, jadi jangan kaget kalau suasananya selalu hectic, apalagi pas akhir pekan atau jam-jam keberangkatan feri. Buat saya pribadi, nilai plusnya di sini adalah lokasinya yang sudah terintegrasi langsung dengan mal. Jadi, kalau nunggu keberangkatan, nggak mati gaya—tinggal nyeberang dikit udah bisa cari makan atau sekadar ngadem. Itu ngebantu banget sih buat kill time. Tapi ya, konsekuensinya harus siap mental sama antrean imigrasi yang kadang bisa panjang banget. Saran saya, jangan mepet kalau mau berangkat, harus kasih jeda waktu yang cukup biar nggak keteteran. Secara fasilitas, tempat ini tergolong fungsional—nggak yang mewah-mewah banget, tapi sudah cukup oke untuk kebutuhan mobilitas rutin. Overall, buat ukuran terminal sibuk, tempat ini lumayan bisa diandalkan asal kita paham manajemen waktunya"
Batam Center International Ferry Terminal,Priyanto Akhmad Solihin,5,4 bulan lalu,"Mei 2026 Sejauh ini tidak ada kendala apa pun dalam proses penyebrangan ke Singapura. Dari mulai imigrasi, boarding ke kapal, semuanya lancar dan menyenangkan."
Batam Center International Ferry Terminal,Orang Baik,5,Diedit 6 bulan lalu,"Batam Centre Fast Ferry Terminal cukup ramai karena menjadi salah satu pintu utama keluar masuk Batam, terutama untuk rute internasional seperti ke Singapura dan Johor. Lokasinya strategis, dekat dengan pusat kota dan beberapa pusat perbelanjaan. Area terminal cukup luas dan fasilitas dasar seperti tempat duduk, loket tiket, serta pemeriksaan imigrasi tersedia dengan baik. Namun saat jam sibuk antrean bisa cukup panjang dan suasana terasa padat. Secara keseluruhan terminal ini cukup memadai untuk perjalanan laut, meskipun kenyamanan bisa lebih ditingkatkan saat ramai."
Batam Center International Ferry Terminal,Selvi Diana Meilinda,5,setahun lalu,"Pagi-Pagi ke sini untuk menyebrang ke spore. Pelabuhan Batam Center merupakan salah satu gerbang utama bagi wisatawan dan pebisnis yang ingin menyeberang ke Singapura dan Malaysia. Sebagai pelabuhan internasional yang sibuk, tempat ini dikenal dengan suasana yang tertib dan kondusif, memberikan kenyamanan bagi para penumpang yang akan berangkat maupun yang baru tiba. Salah satu hal yang paling mencolok di Pelabuhan Batam Center adalah sistem antrian dan pengelolaan penumpangnya yang teratur. Papan petunjuk arah tersedia dengan jelas, sehingga memudahkan pengunjung dalam mencari loket tiket, area imigrasi, dan ruang tunggu. Petugas di pelabuhan juga cukup sigap dalam membantu para penumpang, baik yang baru pertama kali datang maupun yang sudah sering bepergian. Kebersihan di area pelabuhan juga terjaga dengan baik. Fasilitas umum seperti toilet, ruang tunggu, dan area makan cukup bersih dan nyaman. Selain itu, suasana di dalam pelabuhan cenderung tertib, dengan kontrol keamanan yang ketat tetapi tetap efisien. Proses imigrasi berjalan cukup cepat, terutama jika penumpang sudah menyiapkan dokumen yang dibutuhkan. Dari segi aksesibilitas, Pelabuhan Batam Center terhubung langsung dengan pusat perbelanjaan, sehingga penumpang yang datang atau menunggu keberangkatan bisa berbelanja atau bersantap dengan nyaman. Tersedia pula berbagai moda transportasi, seperti taksi dan layanan transportasi online, yang memudahkan perjalanan ke berbagai wilayah di Batam. Secara keseluruhan, Pelabuhan Batam Center merupakan pelabuhan yang tertib, kondusif, dan memiliki fasilitas yang cukup baik. Bagi wisatawan maupun pelaku bisnis yang sering bepergian ke Singapura atau Malaysia, pelabuhan ini menjadi pilihan utama karena kepraktisan dan kenyamanan yang ditawarkannya."
Batam Center International Ferry Terminal,Andreas Sihono,3,3 bulan lalu,"Pelayanan tiket bagus, kemarin beli tiket ferry majestic. Sayang toiletnya kurang terawat"
Batam Center International Ferry Terminal,lontongstroong,3,Diedit 10 bulan lalu,"Waktu kunjungan: Desember 2024 Dibandingkan dengan pelabuhan Harbour Bay, pelabuhan ini lebih kecil, tetapi tidak kalah ramai karena melayani wilayah pusat pemerintahan Batam dan pemukiman di sekitarnya. Karena hal ini juga, ukuran terminal terasa terlalu kecil dan sumpek. Tidak terbayang seberapa kecil ruang tunggu pascapemeriksaan imigrasi - mungkin strategi menyempatkan waktu sesedikit mungkin hal yang baik jika berangkat dari pelabuhan ini. Proses pemeriksaan kedatangan imigrasi lancar dan efisien, tidak ada masalah - petugas bahkan mengajak bercanda sejenak, mungkin untuk melepaskan kejemuan pekerjaan yang repetitif. Di dalam terminal pelabuhan, cukup banyak kios makanan dan tentunya suvenir, serta bahkan supermarket kecil. Bangunan terhubung langsung dengan mall besar melalui jembatan pejalan kaki. Cukup cari pintu akses di lantai dua bangunan pelabuhan, yang ditandai jelas."
Batam Center International Ferry Terminal,Djer.Dolanan,4,setahun lalu,"Pelabuhan yg strategis di tengah kota, ada ke Singapura dan pelabuhan . Menjadi satu dengan mall, ada banyak toko duty free, foreign exchange, toko2 yg cukup hidup Tempat area tunggu diluar kurang besar, kebersihan bagus dan areal parkir luas"
Batam Center International Ferry Terminal,Reni perwira,2,2 tahun lalu,"Pelabuhan Di batam yang sudah Cukup bagus dan mudah untuk akses ke singapore dan malaysia !! Namun kondisi pelabuhan nya masih kurang ya! Fasilitas yoilet yang sangat bauu!! Fasilitas charging station yang yg kurang dan fasilitas tempat duduk untuk ruang tunggu kenaikan ke kapal setelah cek akhir atau setelah melewati imigrasi , Area nya masih sangat rasis. Dan ada nya pungutan2 liar di sekitar terutama di parkir, Dan juga untuk penjaga dan security2 tolong kalian memposisikan dia kalian itu security !!! Membuat pelayanan dan di public area serta harusnya membuat orang2 merasa aman dan nyaman bukan malah membuat pengunjung merasa tidak nyaman!! Aku sudah beberapa kali ke sg melalui pelabuhan batam , namun yg di sayangkan banyak sekali bad service, Susah mengungkap kan dg kata2 semua nya bisa alian liat di review2 di bawahh!! Mostly kasar dan banyak oknum2 kurang ajar juga spt cat calling!! Padahal ini katanya kota pariwisata yang mana ini sangat dekat dg singapore namun bad service!!"
Batam Center International Ferry Terminal,Odi Messakh,1,4 bulan lalu,Kenapa taksi online dan taksi bluebird masih ga bisa masuk dijaman sudah 2026. Dikota secanggih batam. Pemerintahnya kok bisa diam aja yaa. Menyusahkan penumpang.
Batam Center International Ferry Terminal,Shela Rizky,1,sebulan lalu,Gila petugas imigrasinya JAHAT banget. Menterinya tau gak sih ini. Transformasi budaya lah woyyyyy udah ga jaman imigrasi kasar begitu ya Allahhhh.
Batam Center International Ferry Terminal,nonom monon,1,6 bulan lalu,"Jadwal kapal jam 6 baru bisa masuk gate 5.45 dengan Alasan briefing, dah mepet mepet sampe dapet last call dilempar sana sini sama petugas imigrasi padahal gaada issue, lah kita buru-buru karena dia yang telat dia pula yang marah, tanya tanya jawabnya malah songong & ga informatif, 🤦‍♀️"
Batam Center International Ferry Terminal,An nieza dea Versary,1,3 bulan lalu,"Buat petugas imigrasinya, Kayaknya ga perlu judes ya, sensi banget sama pribumi emang kenapa sih, pak terlalu memandang remeh, menggerutu di depan pelanggan, coba di evaluasi ya karyawannya, dibayar pake duit pajak kan"
Batam Center International Ferry Terminal,Ahmad Kid,1,11 bulan lalu,"Sepertinya ada beberapa petugas yang memang tidak bisa bekerja di bidang pelayanan, kedatangan ferry terakhir sengaja lewat counter karena membawa anak, malah paspor di banting dilempar, bahasa nda ada sopan santunnya, harusnya tadi saya catat namanya, pengen silaturahmi 👏"
Batam Center International Ferry Terminal,Ali Afif,5,Diedit 2 tahun lalu,Pelabuhan yang selalu ramai di kunjungi sebagai akses penyeberangan dari batam ke Singapura atau Malaysia dan sebaliknya. Fasilitas bagus dan lengkap. Akses mudah dan aman.
Batam Center International Ferry Terminal,mister trump,1,8 bulan lalu,Sangat tidak rekomended. Pelabuhan internasional tapi ruang tunggunya panas kek neraka. tak ada AC hanya kipas angin. Lebih bagus lewat sekupang atau harbourbay
Batam Center International Ferry Terminal,Dwi melvin,1,7 bulan lalu,"Selasa 3, febuari 2026 jam 3 an saya turun dari kapal dan saya ketemu untuk membuat imei saya ketemu dua orang tua yg tidak memiliki sopan tidak jelas tiba tiba menuduh saya menggunakan sabu padahal mata saya merah karena baru bangun dan pergi siap kan diri untuk turun dari kapal"
Batam Center International Ferry Terminal,mellinda anastasya,1,7 bulan lalu,"Petugas parkir memaksa menggunakan cash padahal sudah di informasikan sebelum pembayaran parkir oleh saya bahwa saya akan menggunakan emoney dan kemudian kami didesak tetap menggunakan cash apapun terjadi dipaksa mencari cash saat itu juga, petugas pembayaran parkir tidak solutif 😊"
Batam Center International Ferry Terminal,Jordan Lionel,1,3 bulan lalu,"g ramah,mau nanya disuruh pergi,duduk gaada etika nya,malu jadi orang batam liat petugas spt itu,hadeh"
Batam Center International Ferry Terminal,재환나,4,3 tahun lalu,"Eh eh ? Mo kemane neng hahaha Kaga bangggg ,cuma numpang lewatan aje mo mampir ke coffee shop di atas noh ㅋㅋㅋ Yah ga terlalu banyak perubahan mungkin ditambah luas aja tuh area parkirnya dan Pak / Bu petugasnya boleh kasih senyum sikit jangan ditekuk terus mukanya ✌🏻 Thank you"
Batam Center International Ferry Terminal,Novri Yanti,1,8 bulan lalu,Pelabuhan BC jam keberangkatan ferry batam sg tetutama batam center -tanah merah sllu tidak sesuai dgn scehudule yg tertera di jam tiket atau google. Sllu mmbuat penumpang jadi bigung dgn time yg tak sesuai.
Batam Center International Ferry Terminal,ahdhan dhany Tour and Travel,3,2 tahun lalu,"Pelabuhan nya sudah bagus, sayang nya yg petugas imigrasi nya songong2 Kita masuk mau kluar k malaysia atau k singapore, d tanya melebihi petugas imigrasi di Singapore dan Malaysia Seolah d pikirnya semua orang yg masuk lewat sana pergi keluar negeri untuk bekerja Dan saya juga pernah melihat orang2 yg di bawa k dalam kantor imigrasi, dimintai duit sm mereka, ternyata masih banyak pemalakan oleh petugas2 tersebut. Apakah gaji mereka tidak cukup untuk hidup mereka, smpe orang2 yg mau lewat aja dicari2 kesalahan nya, ada aja salah orang dibuat nya. Orang yg udah lengkap dokument pun malah d tanya pasport lama lah. Herann dehh Saya pernah digituin jg, d pikirnya saya keluar2 untuk bekerja, hellooooowwww tuan tuan dan nyonya2 yg terhormat, gue k Singapore dan Malaysia beli barang Dan keluarga gue d malaysia jg ada. D Batam juga ada usaha, jadi jgn berpikir semua orang yg lewat buat bekerja dan cari uang keluar sana. Jangan biasakan makan uang Haram buat keluarga, gk berkah kena sumpah serapah orang"
Batam Center International Ferry Terminal,Agus Choirul Huda,5,3 tahun lalu,"pelabuhan internasional untuk penyebrangan tujuan singapura dan malaysia, cukup crowded karena lahan parkir yang kurang luas."
Batam Center International Ferry Terminal,Ferri Aguswan,4,7 tahun lalu,Ruang tunggu penumpangnya bagus dan bersih.. Tapi perlu ditingkatkan lagi kapasitas area parkir dengan makin bertambahnya volume kendaraan yang keluar masuk pelabuhan..
Batam Center International Ferry Terminal,Dian Prakoso,5,setahun lalu,"Senangnya bisa mengajak keluarga menyeberang dari Singapura ke Batam. Ferry nya nyaman, airnya di selat juga lagi tenang. Alhamdulillah."
Batam Center International Ferry Terminal,Firahma96,5,setahun lalu,"Bersih dan nyaman, pelayanan nya bagus, baik, dan ramah Berapa kali naik ferry sampai suka perjalanan laut karna view nya setenang laut :) 🌊 <:()))< Masyaallah"
Batam Center International Ferry Terminal,Angga Arshavin,5,6 tahun lalu,"Pelabuhan kapal ferry dari Batam untuk ke pulau2 sekitarnya. Termasuk ke Singapore. Ada beberapa pilihan kapal, jam, dan harga untuk ferry ke singapore. Lokasi tepat di seberang mall Batam center, ada jembatan penghubung juga yang langsung menuju mall. Parkiran cukup luas, dan suasana pelabuhan cukup bersih, nyaman dan sudah seperti airport."
Batam Center International Ferry Terminal,Andi Nuryadin,5,setahun lalu,"Pelabuhan Ferry Internasional yang baik di Batam. Dalam perjalanan ke Singapura, kami berangkat dari Pelabuhan ini. Terintegrasi ke Batam Mall & banyak Kedai Makanan & Kopi."
Batam Center International Ferry Terminal,Merry Susanti,5,6 bulan lalu,"Akses transportasi utama di Batam Center. Sangat memudahkan buat yang tinggal di perumahan sekitar sini kalau mau ke Singapore atau Malaysia."" 🚢"
Batam Center International Ferry Terminal,Muhammad Rizki,5,3 bulan lalu,Pelabuhan nya sederhana tetapi kota nya akan jauh lebih tidak sederhana dari apa yang kita lihat
Batam Center International Ferry Terminal,Yudith Cai,5,7 tahun lalu,"Pelabuhan Ferry ini terletak di kawasan Batam Centre. Pelabuhan ini juga terintegrasi dengan Mega Mall Batam. Setiap hari banyak turis domestik ataupun turis mancanegara yang lalu lalang di pelabuhan ini. Di pelabuhan ini juga terdapat cafe , ATM centre, serta mini market. Ada juga money changer. Jadi buat kalian yang ingin menukar mata uang asing bisa tukar disini. Overall sudah bagus. Hanya saja disini tidak boleh order taxi online. Banyak terjadi kasus pemukulan terhadap sopir taxi online yang ketahuan pick up penumpang di area pelabuhan. Saran saya apabila ingin memesan taxi online, penumpang bisa bertemu di satu titik penjemputan yang agak jauh dari pelabuhan."
Batam Center International Ferry Terminal,Martin Agustina Sari,5,setahun lalu,"pelabuhan internasional tujuan singapura dan malaysia, ada ATM dan money change."
Batam Center International Ferry Terminal,LUNAR TRAVPLAN,5,7 tahun lalu,"Kalau mau ke Singapura atau ke Malaysia, yang paling nyaman itu lewat pelabuhan ferry Batam centre. Kapalnya banyak dan ada setiap 30 menit. Posisi strategis. Terletak di tengah kota Batam. Bisa shopping shopping dulu di Megamal sebelum atau sesudah keberangkatan.. disini pokoknya asik. Mau tau lebih lanjut? Intip aja FB kami Lunar Travel Planner"
Batam Center International Ferry Terminal,Shafira Aini,5,setahun lalu,"Saya kira bisa pesan tiket dengan menggunakan mata uang dollar, ternyata wajib pake rupiah. Jadi harus nunggu money changer buka deh 2 jam kemudian. Tapi gapapa buat pengalaman, orang²nya ramah² juga kok. Hihii"
Batam Center International Ferry Terminal,Columbanus Teto,5,setahun lalu,"Fasilitas pelabuhan ferry yang menghubungkan Batam dengan Singapura dan Malaysia. Terdapat berbagai opsi operator ferry yang dapat digunakan. Proses imigrasi sangat cepat, sudah ada automated gate sehingga sangat memudahkan untuk pemiliki paspor elektronik. Fasilitas ruang tunggu dan berth juga terawat dengan baik."
Batam Center International Ferry Terminal,nefarryo,5,3 bulan lalu,Akses keluar untuk pejalan kaki agak susah terlebih kalo bawa koper
Batam Center International Ferry Terminal,Semut Hitam,5,9 tahun lalu,"Pelanyanan yang baik, bersih, ramah dan bersahabat. Ada mushalla di dalamnya. Sangat membatu bagi backpacker ataupun pelancong2 lokal maupun internasional."
Batam Center International Ferry Terminal,bunda sugi,5,7 tahun lalu,"Pelabuhan penyeberangan menuju singapore. Bagus, bersih, ada beberapa food court dengan banyak menu pilihan yang jendelanya persis menghadap laut. Bagus, nyaman makan di situ sambil lihat pemandangan laut."
Batam Center International Ferry Terminal,fajar sidik,5,7 tahun lalu,Jembatan penghubung antara pelabuhan dengan megamall batam. Naik 1 lantai dri kedatangan menuju mall.
Batam Center International Ferry Terminal,Farin Mala Fitri,1,10 bulan lalu,TERUNTUK IBU2 IMIGRASI YANG TERHORMAT DAN PUNYA JABATAN. SAYA TAU ANDA SEDANG ISTIRAHAT ATAU DALAM KONDISI TIDAK BERTUGAS. TAPI MOHON DENGAN HORMAT KALAU BERBICARA DENGAN ORANG GUNAKAN NADA YANG BAIK DAN CARA YANG SOPAN. mungkin ada bbrp org yang tidak mau complain tapi ini sudah lebih dari 5 kali kalian memperlakukan pendatang seperti ini.
Batam Center International Ferry Terminal,Nanda krisna,1,setahun lalu,"beacukainya sangat tidak profesional , tunggu saja tanggal NAASnya. sy beli hp mahal mahal di singapura , tidak mau di daftarkan , nota ada, kontak dan pemilik toko tempat jual beli masih merespons."
