lokasi,pelabuhan,nama_reviewer,rating,tanggal,review,has_photo,is_localguide,scraped_at
Harbour Bay,Pelabuhan Harbour Bay,Bang Barat (Bang gar),5,7 bulan lalu,"Dengan fasilitas transportasi Taxi bluebrid, terasa nyaman dan aman sampai ke tujuan,bisa membawa kita jalan ke seluruh kota batam Drivernya ramah dan berasa seperti teman lama",False,True,2026-10-08 19:49:17
Harbour Bay,Pelabuhan Harbour Bay,Mila Maulinda,5,setahun lalu,"Tempatnya bersih dan sangat nyaman. Penataan rapi, tidak terkesan sumpek. Ada beberapa toko oleh2 dan souvenir. Mengantri pembelian tiket tidak terlalu lama, ruang tunggu tidak penuh jadi bisa duduk. Sejauh ini mungkin pelabuhan Indo ternyaman untuk menunggu.",True,True,2026-10-08 19:49:17
Harbour Bay,Pelabuhan Harbour Bay,Khalfian Rhapsody,5,Diedit setahun lalu,Pelabuhan ini melayani pelayaran rute domestik dan internasional. Kondisi pelabuhan terbilang baik dan nyaman. Lingkungan sekitar juga terlihat hidup.,True,True,2026-10-08 19:49:17
Harbour Bay,Pelabuhan Harbour Bay,Trisnanto Yuono,4,3 tahun lalu,"Pertama kali ke Singapura lewat jalur laut. Cukup nyaman pelabuhannya, banyak spot makan, cafe, lengkap pilihannya. Layanan penyebrangan bagus lah..T.O.P",True,True,2026-10-08 19:49:17
Harbour Bay,Pelabuhan Harbour Bay,Siska Febriani,1,11 bulan lalu,"Orang imigrasi nya gak jelas, di jawab dengan data dan fakta malah gak nyambung. Di bentak² kayak orang gak permah keluar negri. Beda jauh sama pelayanan imigrasi batam center dan sekupang. Mending gak usah lewat harbour bay lah, pertama dan terakhir",False,True,2026-10-08 19:49:17
Harbour Bay,Pelabuhan Harbour Bay,محمد Gugun Ramadhan,5,2 bulan lalu,macam singapore,True,True,2026-10-08 19:49:17
Harbour Bay,Pelabuhan Harbour Bay,Ferdi Syahputra,1,setahun lalu,"susah&ribet nya mau nyebrang lewat hamburbay batam kemalaysia buat jalan"" ke tempat kk kandung aj gak bisa petugas imigrasi nya minta sogoan sejuta 500 k baru bisa di bantu masuk dan di cap, itu pun disuruh beli tiket PP 595 k klok gak masuk tiket di balikkan jadi setengah harga kan merugikan",False,False,2026-10-08 19:49:17
Harbour Bay,Pelabuhan Harbour Bay,Arie Safrizal,5,5 tahun lalu,"Bagus, bersih, fasilitas lengkap, petugas pemeriksaan dokumen juga ramah2",True,True,2026-10-08 19:49:17
Harbour Bay,Pelabuhan Harbour Bay,Wahyu Nugraha,5,3 bulan lalu,"Bagus, bersih & fasilitasnya seperti bandara",False,True,2026-10-08 19:49:17
Harbour Bay,Pelabuhan Harbour Bay,chee long Soo,3,setahun lalu,Org imigrasinya gak jelas dah di kasi barcorde dibuat hari ini malah suruh buat ulang gak jelas keluarga saya aja bisa,False,False,2026-10-08 19:49:17
Harbour Bay,Pelabuhan Harbour Bay,Samuel Harmoko,5,6 tahun lalu,Kapal ferry yg besar dan murah nyebrang ke bintan,True,True,2026-10-08 19:49:17
Harbour Bay,Pelabuhan Harbour Bay,Widi Ramdani,5,8 bulan lalu,"kapal nya nyaman, cuma AC nya terlalu dingin 🥶",False,True,2026-10-08 19:49:17
Harbour Bay,Pelabuhan Harbour Bay,Siti Nurshahidah,2,setahun lalu,"staf imigrasi yg cuek,saya berdiri lama krna scan muka tidak berhasil”,tetapi staf sama sekali tk ada yg menawarkan bantuan.",False,False,2026-10-08 19:49:17
Harbour Bay,Pelabuhan Harbour Bay,samsuniar arifin,5,2 tahun lalu,Pelabuhan Kapal Ferry di Batam yg Elite dan Nyaman,True,True,2026-10-08 19:49:17
Harbour Bay,Pelabuhan Harbour Bay,Miralza Diza,5,7 tahun lalu,Lebih enak karena imigrasi nya sepi....😀,True,True,2026-10-08 19:49:17
Harbour Bay,Pelabuhan Harbour Bay,Rico Saputra,1,setahun lalu,Kalo mau ke luar negeri mending lewat batam centre aja soal nya di pelabuhan sini ribet di persulit karna mereka mau uang,False,False,2026-10-08 19:49:17
Harbour Bay,Pelabuhan Harbour Bay,Indrika Roxaane,1,setahun lalu,"EH kacau kali harbour bay terminal ferry abis marah² kenapa naik grab , maxim , gojek tak boleh masuk lobby ? Lah tak bisa jemput Ada apa memang ?",False,False,2026-10-08 19:49:17
Harbour Bay,Pelabuhan Harbour Bay,JM Official,5,5 tahun lalu,"Waktu itu saya kesini bulan Februari 2019, HBF Terminal ini sangat nyaman sekali, toiletnya bagus rajin, kemudian pelayanannya sangat bagus dan cekatan sekali.",False,True,2026-10-08 19:49:17
Harbour Bay,Pelabuhan Harbour Bay,Rani Syahfitri,3,setahun lalu,Hallo min apa ada no wa yg bisa di hubungi untuk menanyakan harga tiket batam-dumai?,False,False,2026-10-08 19:49:17
Harbour Bay,Pelabuhan Harbour Bay,Little RF Family,5,6 tahun lalu,"Pelabuhan ferry untuk tujuan ke singapura & malaysia, lebih nyaman berangkat dr sini dari pada dr pelabuhan ... lebih teratur dan lenggang",False,True,2026-10-08 19:49:17
Harbour Bay,Pelabuhan Harbour Bay,Jutono Dewa Kelana,4,5 tahun lalu,Banyak bangunan mewah tp msh sepi pengunjung kecuali hari libur banyak orang bersepeda di pagi dan sore hari,False,True,2026-10-08 19:49:17
Harbour Bay,Pelabuhan Harbour Bay,Batam Komunika Konsultan,5,7 tahun lalu,"Tempat strategis Ada banyak pikihan restoran sea food, hotel, mall Dan deket dengan Pusat bison is Jodoh dan Nagoya",False,True,2026-10-08 19:49:17
Harbour Bay,Pelabuhan Harbour Bay,atmojo dwi handoko,4,6 tahun lalu,"Anda bisa k tanjung balai karimun atau singapore lewat sini, protokol kesehatan diterapkan selama masa pandemi covid",False,True,2026-10-08 19:49:17
Harbour Bay,Pelabuhan Harbour Bay,jacobus william tengkar,5,7 tahun lalu,Salah satu pelabuhan internasional dan domestik terbaik di Batam. Layanan yang cepat dan tempat yang bersih. Pelayaran yang selalu tepat waktu.,False,True,2026-10-08 19:49:17
Harbour Bay,Pelabuhan Harbour Bay,Nukula Nukula,5,6 tahun lalu,Pelabuhan satu satunya dibatam yang lengkap dengan perhotelan dan pusat perbelanjaan pokoknya mantap deh,False,False,2026-10-08 19:49:17
Harbour Bay,Pelabuhan Harbour Bay,Yusrizal Rizal,5,5 tahun lalu,"Sangat nyaman, bersih tpi sepi tempat penjualan",False,True,2026-10-08 19:49:17
Harbour Bay,Pelabuhan Harbour Bay,Zaki,5,3 tahun lalu,Bagus,True,True,2026-10-08 19:49:17
Harbour Bay,Pelabuhan Harbour Bay,Lasnita Lasmaria Butar butar,4,4 bulan lalu,Ramah,False,True,2026-10-08 19:49:17
Harbour Bay,Pelabuhan Harbour Bay,delli gunarsa,4,6 tahun lalu,SalahPelabuhan penyeberangan di pulau Batam yg dekat dengan kota,False,True,2026-10-08 19:49:17
Harbour Bay,Pelabuhan Harbour Bay,mr desa,5,6 tahun lalu,Indah,True,False,2026-10-08 19:49:17
Telaga Punggur,Telaga Harbour Crossing Punggur,Daniel Tantama,2,Diedit 5 tahun lalu,"Bangunan terlihat masih baru, tapi tidak terawat. Semua sistem masih manual, dari pembelian, menunggu kapal, sirkulasi menuju kapal hingga naik kapal. Dan sedihny kapal ferry pun tidak terawat. Poor..",True,True,2026-10-08 19:49:17
Telaga Punggur,Telaga Harbour Crossing Punggur,suhiman rasmad,3,9 tahun lalu,"Bagus, Kapal roro membantu sebagai jembatan transportasi laut dan darat",True,True,2026-10-08 19:49:17
Telaga Punggur,Telaga Harbour Crossing Punggur,Rian Paisal,4,4 tahun lalu,Truck/ Lori sebaiknya antri lebih pagi biar cepat masuk ke kapal dan ada pemeriksaan oleh Bea Cukai,True,True,2026-10-08 19:49:17
Telaga Punggur,Telaga Harbour Crossing Punggur,Dhonny 89,1,2 tahun lalu,"Kota maju,,Pelabuhan dan kapalnya ketinggalan jaman",True,True,2026-10-08 19:49:17
Telaga Punggur,Telaga Harbour Crossing Punggur,Herland Sembiring,4,9 tahun lalu,Penyeberangan sangat padat di hari libur. Sebaiknya pertimbangkan mau bawa mobil pribadi atau rental mobil ditempat tujuan.,True,True,2026-10-08 19:49:17
Telaga Punggur,Telaga Harbour Crossing Punggur,maju jaya,2,2 tahun lalu,"Kapal roro sering telat sandar, proses sandar bisa 30menit, menyebabkan penumpukan penumpang, tolong ditingkatkan pelayanan dan efisiensi waktu tunggu dan tambah armada..",False,False,2026-10-08 19:49:17
Telaga Punggur,Telaga Harbour Crossing Punggur,MingArt Space,4,10 tahun lalu,"Masyarakat KEPRI mengenalnya dengan pelabuhan Roro, dari pelabuhan ini anda bisa menyebarang ke Dabo dan Tanjung Uban dengan membawa sepeda motor atau mobil, khusus ke Tanjung Uban ASDP disini melayani 4 kali berlayar PP Batam - uban .",False,True,2026-10-08 19:49:17
Telaga Punggur,Telaga Harbour Crossing Punggur,Fotocopy Pasarbaru Tanjung Uban - Public Service,4,10 tahun lalu,"Terus ditingkatkan, Sarana transportasi laut yang membantu dan membangun perekonomian masyarakat Kepulauan Riau.",False,True,2026-10-08 19:49:17
Telaga Punggur,Telaga Harbour Crossing Punggur,Surya Mandala,3,8 tahun lalu,Bagus sekali kapal nya seperti (kmp lome kmp muria dan kmpbarau dll.😇😇😇😠,True,True,2026-10-08 19:49:17
Telaga Punggur,Telaga Harbour Crossing Punggur,ARIL IVC,5,9 tahun lalu,Kalau membawa mobil atau motor ke pekan baru bisa lewat pelabuhan ini ya... Tolong info nya?,False,False,2026-10-08 19:49:17
Telaga Punggur,Telaga Punggur,Gina Atikah,5,2 tahun lalu,"Pelabuhan ini menawarkan fasilitas yang lengkap, kapal yang nyaman, dan kemudahan bagi penumpang yang ingin membawa kendaraan. Saya sangat merekomendasikan pelabuhan ini bagi siapa saja yang ingin bepergian ke Tanjung Uban dari Batam. Tips: Sebaiknya datang ke pelabuhan lebih awal, terutama saat peak season, untuk menghindari antrian panjang. Pastikan Anda memiliki tiket yang valid sebelum memasuki kapal. Membawa kartu brizzi yang sudah terisi saldo Ikuti instruksi dari petugas pelabuhan untuk memastikan kelancaran proses bongkar muat kendaraan.",True,True,2026-10-08 19:49:17
Telaga Punggur,Telaga Punggur,Susmi Varisca,4,3 tahun lalu,"Catatan untuk naik roro (membawa kendaraan) dari punggur-ke tanjung uban melalui pelabuhan telaga punggur : 1. Untuk membeli tiket, siapkan uang dalam bentuk e-money (kartu brizzi). Bila tidak punya kartu, dapat membeli di konter yang telah disediakan (didekat gerbang masuk kendaraaan) 2. Di konter tersebut, anda juga bisa mengisi ulang kartu tersebut. 3. Selalu ingat/ memfoto plat kendaraan (karena dibutuhkan untuk syarat pembelian tiket) 4. Selalu membawa surat penting kendaraan (sim, stnk, dll) 5. Tidak membuang boarding pass (setelah pembelian tiket anda akan dapat 2/3 kertas dan salah satunya ialah kertas boarding pass yang merupakan syarat masuk kapal) 6. Setelah membeli tiket anda dapat mengantri/ membawa kendaraan ke tempat tunggu. 7. Berhati-hati saat masuk kapal.",True,True,2026-10-08 19:49:17
Telaga Punggur,Telaga Punggur,lexa diakilan,2,setahun lalu,Ribet...pesan online di informasi..pas mo bayar via mbanking gangguan mulu..dsuru bayar cash ke koperasi..🤦‍♀️..ftz ad yg lewat ad yg gk..ytta z lha yahh...🙈🙊,False,False,2026-10-08 19:49:17
Telaga Punggur,Telaga Punggur,Setio S,4,Diedit 2 tahun lalu,Pelabuhan Roro Telaga Punggur,True,True,2026-10-08 19:49:17
Telaga Punggur,Telaga Punggur,Alfa Rizzy,5,3 tahun lalu,"Izin nanya. Saya 2 Minggu lalu bawa motor dari tg.balai Jadi rencana nya. Saya mau kirim motor kesana. Cuman motor saja. Berapa biaya nya. Dan apa saja persyaratan nya. Soal nya dari sana kemaren. Gak ada persyaratan apa""",False,True,2026-10-08 19:49:17
Telaga Punggur,Telaga Punggur,Kennedy Nama Game,1,3 tahun lalu,"Petugas tiket yg perempuan bentak2, petugas di dalam yg cowok rese, suruh buka masker padahal org lg diem aja. Bener2 sdm di sini kurang",False,True,2026-10-08 19:49:17
Telaga Punggur,Telaga Punggur,Widi Nugroho,5,10 bulan lalu,Sampai jumpa kapan kapan,True,True,2026-10-08 19:49:17
Telaga Punggur,Telaga Punggur,Syam Udin,5,setahun lalu,Kota batam emang mantap 👌👍🤗,False,True,2026-10-08 19:49:17
Telaga Punggur,Telaga Punggur,Sugi Anto,4,3 tahun lalu,Lebih baik dari sebelumnya,False,True,2026-10-08 19:49:17
Telaga Punggur,Telaga Punggur,W M,5,3 tahun lalu,"Staf di konter sangat membantu.. jangan salah terminal. ini hanya untuk feri roro. pergi ke Pulau Bintan, tetapi pelabuhan Tanjung Uban. bukan Tanjung Pinang. Terminal feri ke Tanjung Pinang berada tepat di dekat pelabuhan ini. bisa duduk dan minum teh sambil menonton roro. Diterjemahkan oleh Google ・ Lihat versi asli (Inggris)",True,True,2026-10-08 19:49:17
Telaga Punggur,Pelabuhan Terminal Ferry Punggur,TUNJUK TITIK,5,setahun lalu,"Salah satu Pelabuhan Ferry antar pulau di pulau Batam, dengan rute Lagoi, Lobam, Tanjung pinang dan beberapa pulau . Pelabuhan penumpang yang cukup Ramai, Bagus, bersih Fasilitas lengkap dan tentunya viewnya yang Cantik dan Modern. 👍👍👍",True,True,2026-10-08 19:49:17
Telaga Punggur,Pelabuhan Terminal Ferry Punggur,Tanjung Uban,1,7 bulan lalu,"Pelayanan porter gak bagus.takut x gak d bayar gara"" cuma koper 1 biji.kondisi saya sakit waktu itu",False,False,2026-10-08 19:49:17
Telaga Punggur,Pelabuhan Terminal Ferry Punggur,Sabar Addin,5,3 tahun lalu,Cantik view dari Resto Morning Bakery 🥯,True,True,2026-10-08 19:49:17
Telaga Punggur,Pelabuhan Terminal Ferry Punggur,Mr. TourGuide,1,Diedit setahun lalu,"Apa ini,, kenapa dinegara sendiri belum merdeka dalam hal memesan taksi online dikawasan pelabuhan daerah punggur ini, Saya sebagai pengguna jasa transportasi online sangat dirugikan oleh Oknum dan taksi pelabuhan ikut mengintimidasi dan melarang saya memesan taksi online dan disuruh keluar dari kawasan pelabuhan untuk memesan taksi online, Ini tidak dibenarkan lagi, Saya Selaku warga Negara menuntut pihak yang berwajib untuk meluruskan perihal ini. demi kepastian Hukum tunjukkan kepada kami warga bahwa memang ada undang2 yg melarang kami memakai jasa transportasi online di kawasan pelabuhan domestik. karena yang saya tau,, Menambah atau membuat undang undang tidak sah diatas undang2 yg Sah dimata HUKUM termasuk pelanggaran pidana dan bisa dipidanakan.",False,True,2026-10-08 19:49:17
Telaga Punggur,Pelabuhan Terminal Ferry Punggur,Galang Radi,1,7 bulan lalu,Pelayanan kurang memuasakan,False,True,2026-10-08 19:49:17
Telaga Punggur,Pelabuhan Terminal Ferry Punggur,citra ayu,5,3 tahun lalu,"pelabuhan nya cukup bagus, banyak tempat jualan makanan di dalamnya",False,True,2026-10-08 19:49:17
Telaga Punggur,Pelabuhan Terminal Ferry Punggur,Alfin Risky,5,2 tahun lalu,Salah satu tempat memorial(bagi saya) yang pernah ada,False,True,2026-10-08 19:49:17
Telaga Punggur,Pelabuhan Terminal Ferry Punggur,supriyanto supriyanto,5,setahun lalu,Nyaman pelabuhannya,False,True,2026-10-08 19:49:17
Telaga Punggur,Pelabuhan Terminal Ferry Punggur,Wahyudi Wahyu,4,8 tahun lalu,Suasana baru tapi masih perlu perapian lagi,False,True,2026-10-08 19:49:17
Telaga Punggur,Pelabuhan Terminal Ferry Punggur,Rahmat cahyadi,3,Diedit setahun lalu,Kalau masuk bayar,False,True,2026-10-08 19:49:17
Sekupang,SEKUPANG INTERNATIONAL FERRY TERMINAL,Tontu Seten,1,6 bulan lalu,Pelabuhan terburukdi tiket tertera jam otw sampe jam blm jga berangkat kta karyawan nya nunggu penuhpelanggan disuruh bersabar sementara pihak pelabuhan nya gak mikirin org udh nunggu lama lama gk berangkat jga..,False,False,2026-10-08 19:49:17
Sekupang,SEKUPANG INTERNATIONAL FERRY TERMINAL,Joke Virgins,1,6 bulan lalu,Pelabuhan tidak ramah anak dan lansia Orang-orang pada merokok sembarangan Dalam ruangannya pun tercium residu asap rokok Parah sih ini Sekelas internasional port,False,False,2026-10-08 19:49:17
Sekupang,SEKUPANG INTERNATIONAL FERRY TERMINAL,Rndr,1,6 bulan lalu,Terminal kedatangan tercium bau asap rokok Sepertinya petugasnya tidak tertib dalam menjalankan KTR (Kawasan Tanpa Rokok) untuk wilayah publik/umum seperti pelabuhan Kasihan sekali penumpang seperti saya jadi korban keegoisan orang2 tidak bertanggung jawab,False,False,2026-10-08 19:49:17
Sekupang,SEKUPANG INTERNATIONAL FERRY TERMINAL,Noé Aviste,5,9 bulan lalu,"Pelayanannya bagus, ramah, mantap",False,False,2026-10-08 19:49:17
Sekupang,SEKUPANG INTERNATIONAL FERRY TERMINAL,muhamad syifa,1,6 bulan lalu,"Gak ada u-turn , ditutup semua u turnnya Jadi kalau parkir Mau pick up di depan pelabuhan Harus keluar pelabuhan dulu Baru masuk lagi",False,False,2026-10-08 19:49:17
Sekupang,SEKUPANG INTERNATIONAL FERRY TERMINAL,S Triple,1,6 bulan lalu,Ruangan kedatangan berbau rokok Seharusnya Pelabuhan itu wilayah KTR (Kawasan Tanpa Rokok) PELABUHAN ini harus berbenah,False,False,2026-10-08 19:49:17
Sekupang,SEKUPANG INTERNATIONAL FERRY TERMINAL,Mario Henrikus Marbun,5,9 bulan lalu,Pelayanan sangat baik dan tertata rapi. petugas ramah dan informatif. Fasilitas memadai dan area cukup bersih. Pengalaman yang nyaman,False,False,2026-10-08 19:49:17
Sekupang,SEKUPANG INTERNATIONAL FERRY TERMINAL,Lightning kijang,5,9 bulan lalu,"menurut saya nyaman dan cukup rapi. Proses masuknya tertib, petugasnya membantu, dan area tunggunya bersih. Aksesnya juga mudah, jadi tidak ribet kalau mau naik atau turun ferry. Cocok buat yang sering bepergian ke luar Batam karena suasananya tenang dan pelayanannya oke👍.",False,False,2026-10-08 19:49:17
Sekupang,SEKUPANG INTERNATIONAL FERRY TERMINAL,Putri Anggraini,5,9 bulan lalu,tempatnya nyaman dan banyak pilihan oleh oleh untuk buah tangan,False,False,2026-10-08 19:49:17
Sekupang,SEKUPANG INTERNATIONAL FERRY TERMINAL,Andi Elpandi,5,9 bulan lalu,Sangat bagus sekali,False,False,2026-10-08 19:49:17
Sekupang,Sekupang,Fredianto Nugroho,5,8 tahun lalu,"Pelabuhan sudah modern, benar benar seperti pelabuhan Internasional. Tidak ada kekurangan sama sekali kecuali jalan menuju ke Trans Batam yang agak jauh (bukan di dalam pelabuhan sekalian) dan jalan menuju ke Terminal Trans Batam banyak yang tawarin buat naik angkutan mahal lagi",True,True,2026-10-08 19:49:17
Sekupang,Sekupang,Satria Hutasoit,3,7 tahun lalu,Ada perubahan lah setelah sekian lama tapi hanya di gedung nya saja,True,True,2026-10-08 19:49:17
Sekupang,Sekupang,Vina Prastianty,3,setahun lalu,"Di pelabuhan sekupang batam-singapura tidak nyaman, ac mya tidak dingin, lokasinya tidak bersih",False,False,2026-10-08 19:49:17
Sekupang,Sekupang,Indah Mandiri,5,7 bulan lalu,Bawa kucing boleh gak ya d kapal?,False,False,2026-10-08 19:49:17
Sekupang,Sekupang,Ita ani,3,10 tahun lalu,"Pelabuhan nya sangat bersih, tapi alangkah baiknya stuff imigrasi jangan telat kalau pagi, kasian orang yang harus kerja pagi ambil first ferry bila terlambat masuk kerja.",False,False,2026-10-08 19:49:17
Sekupang,Sekupang,Rocky Maru,4,9 tahun lalu,Pelabuhan ferry sekupang sekarang sudah bersih bagus tapi sepi..kalau mau ke singapore bagus dari pelabuhan ferry sekupang lrbih cepat karna sepi jadi tidak terlalu lama antri di imigrasi..recomended,True,True,2026-10-08 19:49:17
Sekupang,Sekupang,Maria Magdalena,3,9 tahun lalu,Bangunan barunya makin bagus dan nyaman dengan lebih banyak kursi dan ruang ber-AC. Semoga bebas rokok juga.,False,True,2026-10-08 19:49:17
Sekupang,Sekupang,sulistyono raharjo,4,10 tahun lalu,Untuk penduduk kuar daerah dulu suruh membayar jaminan. Tp setelah meninggalkan batam uang jaminannya dikembalikan,False,True,2026-10-08 19:49:17
Sekupang,Sekupang,Dwik P.S,5,8 tahun lalu,"Wow untuk terminal pelabuhan sekarang ya. Sudah lama tak berkunjung ke pelabuhan, sempat lupa sedang berada di airport atau pelabuhan. Masyarakat pengguna pelabuhan sudah lebih aman",False,True,2026-10-08 19:49:17
Sekupang,Sekupang,Laode Bakti,5,9 tahun lalu,Pelabuhannya bersih dan nyaman,True,True,2026-10-08 19:49:17
